{\rtf1\ansi\ansicpg1252\cocoartf1671\cocoasubrtf400
{\fonttbl\f0\fmodern\fcharset0 Courier;}
{\colortbl;\red255\green255\blue255;\red0\green0\blue0;}
{\*\expandedcolortbl;;\cssrgb\c0\c0\c0;}
\paperw11900\paperh16840\margl1440\margr1440\vieww10800\viewh8400\viewkind0
\deftab720
\pard\pardeftab720\sl280\partightenfactor0

\f0\fs24 \cf2 \expnd0\expndtw0\kerning0
\outl0\strokewidth0 \strokec2 Outlook,Temperature,Humidity,Windy,Play golf\
Rainy,Hot,High,FALSE,No\
Rainy,Hot,High,TRUE,No\
Overcast,Hot,High,FALSE,Yes\
Sunny,Mild,High,FALSE,Yes\
Sunny,Cool,Normal,FALSE,Yes\
Sunny,Cool,Normal,TRUE,No\
Overcast,Cool,Normal,TRUE,Yes\
Rainy,Mild,High,FALSE,No\
Rainy,Cool,Normal,FALSE,Yes\
Sunny,Mild,Normal,FALSE,Yes\
Rainy,Mild,Normal,TRUE,Yes\
Overcast,Mild,High,TRUE,Yes\
Overcast,Hot,Normal,FALSE,Yes\
Sunny,Mild,High,TRUE,No\
}